<?xml version="1.0" encoding="UTF-8" standalone="yes"?>
<addon id="plugin.program.laganicabato" name="Vrlo Lagano Wizard" version="1.0" provider-name="Ide gas">
  <requires>
    <import addon="xbmc.python" version="2.1.0"/>
  </requires>
  <extension point="xbmc.python.pluginsource" library="default.py">
        <provides>executable</provides>
  </extension>
  <extension point="xbmc.service" library="startup.py" start="startup" />
  <extension point="xbmc.addon.metadata">
    <summary lang="en">Vrlo Lagano Wizard</summary>
    <description lang="en">Ukradeno od nekog lika hvala lice </description>
    <platform>all</platform>
  </extension>
</addon>
